[
  {
    "ami_id": "ami-0eed78591bd705f73",
    "architecture": "x86_64",
    "description": "Amazon Linux 2 Kernel 5.10 AMI 2.0.20240131.0 x86_64 HVM ebs",
    "hypervisor": "xen",
    "image_type": "machine",
    "name": "amzn2-ami-kernel-5.10-hvm-2.0.20240131.0-x86_64-ebs",
    "owner_id": "137112412989",
    "platform": null,
    "public": true,
    "root_device_name": "/dev/xvda",
    "root_device_type": "ebs",
    "sriov": "simple",
    "state": "available",
    "virtualization_type": "hvm"
  },
  {
    "ami_id": "ami-092725cd7c3d34243",
    "architecture": "x86_64",
    "description": "Amazon Linux AMI 2018.03.0.20231218.0 x86_64 HVM ebs",
    "hypervisor": "xen",
    "image_type": "machine",
    "name": "amzn-ami-hvm-2018.03.0.20231218.0-x86_64-ebs",
    "owner_id": "137112412989",
    "platform": null,
    "public": true,
    "root_device_name": "/dev/xvda",
    "root_device_type": "ebs",
    "sriov": "simple",
    "state": "available",
    "virtualization_type": "hvm"
  },
  {
    "ami_id": "ami-0c24ee2a1e3b9df45",
    "architecture": "x86_64",
    "description": "Amazon Linux 2023 AMI 2023.3.20240131.0 x86_64 HVM kernel-6.1",
    "hypervisor": "xen",
    "image_type": "machine",
    "name": "al2023-ami-2023.3.20240131.0-kernel-6.1-x86_64",
    "owner_id": "137112412989",
    "platform": null,
    "public": true,
    "root_device_name": "/dev/xvda",
    "root_device_type": "ebs",
    "sriov": "simple",
    "state": "available",
    "virtualization_type": "hvm"
  },
  {
    "ami_id": "ami-021afaf5bf41b89c2",
    "architecture": "arm64",
    "description": "Amazon Linux 2 LTS Arm64 AMI 2.0.20240131.0 arm64 HVM gp2",
    "hypervisor": "xen",
    "image_type": "machine",
    "name": "amzn2-ami-hvm-2.0.20240131.0-arm64-gp2",
    "owner_id": "137112412989",
    "platform": null,
    "public": true,
    "root_device_name": "/dev/xvda",
    "root_device_type": "ebs",
    "sriov": "simple",
    "state": "available",
    "virtualization_type": "hvm"
  },
  {
    "ami_id": "ami-0785f49d3c3be2037",
    "architecture": "x86_64",
    "description": "Amazon Linux 2 AMI 2.0.20240131.0 x86_64 HVM gp2",
    "hypervisor": "xen",
    "image_type": "machine",
    "name": "amzn2-ami-hvm-2.0.20240131.0-x86_64-gp2",
    "owner_id": "137112412989",
    "platform": null,
    "public": true,
    "root_device_name": "/dev/xvda",
    "root_device_type": "ebs",
    "sriov": "simple",
    "state": "available",
    "virtualization_type": "hvm"
  },
  {
    "ami_id": "ami-0fb18a2e587c35b85",
    "architecture": "arm64",
    "description": "Amazon Linux 2 LTS Arm64 AMI 2.0.20240131.0 arm64 Minimal HVM ebs",
    "hypervisor": "xen",
    "image_type": "machine",
    "name": "amzn2-ami-minimal-hvm-2.0.20240131.0-arm64-ebs",
    "owner_id": "137112412989",
    "platform": null,
    "public": true,
    "root_device_name": "/dev/xvda",
    "root_device_type": "ebs",
    "sriov": "simple",
    "state": "available",
    "virtualization_type": "hvm"
  },
  {
    "ami_id": "ami-03acfd8043d52d0a5",
    "architecture": "x86_64",
    "description": "Amazon Linux AMI 2018.03.0.20231218.0 x86_64 HVM gp2",
    "hypervisor": "xen",
    "image_type": "machine",
    "name": "amzn-ami-hvm-2018.03.0.20231218.0-x86_64-gp2",
    "owner_id": "137112412989",
    "platform": null,
    "public": true,
    "root_device_name": "/dev/xvda",
    "root_device_type": "ebs",
    "sriov": "simple",
    "state": "available",
    "virtualization_type": "hvm"
  },
  {
    "ami_id": "ami-03d1f3d0f2f8f868b",
    "architecture": "arm64",
    "description": "Amazon Linux 2023 AMI 2023.3.20240131.0 arm64 Minimal HVM kernel-6.1",
    "hypervisor": "xen",
    "image_type": "machine",
    "name": "al2023-ami-minimal-2023.3.20240131.0-kernel-6.1-arm64",
    "owner_id": "137112412989",
    "platform": null,
    "public": true,
    "root_device_name": "/dev/xvda",
    "root_device_type": "ebs",
    "sriov": "simple",
    "state": "available",
    "virtualization_type": "hvm"
  },
  {
    "ami_id": "ami-02c36693630e8de0c",
    "architecture": "x86_64",
    "description": "Amazon Linux 2 AMI 2.0.20240131.0 x86_64 HVM ebs",
    "hypervisor": "xen",
    "image_type": "machine",
    "name": "amzn2-ami-hvm-2.0.20240131.0-x86_64-ebs",
    "owner_id": "137112412989",
    "platform": null,
    "public": true,
    "root_device_name": "/dev/xvda",
    "root_device_type": "ebs",
    "sriov": "simple",
    "state": "available",
    "virtualization_type": "hvm"
  },
  {
    "ami_id": "ami-03fbd1bfa11a2fcc9",
    "architecture": "x86_64",
    "description": "Amazon Linux AMI 2018.03.0.20231218.0 x86_64 PV ebs",
    "hypervisor": "xen",
    "image_type": "machine",
    "name": "amzn-ami-pv-2018.03.0.20231218.0-x86_64-ebs",
    "owner_id": "137112412989",
    "platform": null,
    "public": true,
    "root_device_name": "/dev/sda1",
    "root_device_type": "ebs",
    "sriov": "simple",
    "state": "available",
    "virtualization_type": "paravirtual"
  },
  {
    "ami_id": "ami-040ac3f055bcd6062",
    "architecture": "x86_64",
    "description": "Amazon Linux 2 AMI 2.0.20240131.0 x86_64 Minimal HVM ebs",
    "hypervisor": "xen",
    "image_type": "machine",
    "name": "amzn2-ami-minimal-hvm-2.0.20240131.0-x86_64-ebs",
    "owner_id": "137112412989",
    "platform": null,
    "public": true,
    "root_device_name": "/dev/xvda",
    "root_device_type": "ebs",
    "sriov": "simple",
    "state": "available",
    "virtualization_type": "hvm"
  },
  {
    "ami_id": "ami-06f872b40d7572550",
    "architecture": "arm64",
    "description": "Amazon Linux 2023 AMI 2023.3.20240131.0 arm64 HVM kernel-6.1",
    "hypervisor": "xen",
    "image_type": "machine",
    "name": "al2023-ami-2023.3.20240131.0-kernel-6.1-arm64",
    "owner_id": "137112412989",
    "platform": null,
    "public": true,
    "root_device_name": "/dev/xvda",
    "root_device_type": "ebs",
    "sriov": "simple",
    "state": "available",
    "virtualization_type": "hvm"
  },
  {
    "ami_id": "ami-0c95edf9c2f4f3620",
    "architecture": "x86_64",
    "description": "Amazon Linux 2023 AMI 2023.3.20240131.0 x86_64 Minimal HVM kernel-6.1",
    "hypervisor": "xen",
    "image_type": "machine",
    "name": "al2023-ami-minimal-2023.3.20240131.0-kernel-6.1-x86_64",
    "owner_id": "137112412989",
    "platform": null,
    "public": true,
    "root_device_name": "/dev/xvda",
    "root_device_type": "ebs",
    "sriov": "simple",
    "state": "available",
    "virtualization_type": "hvm"
  },
  {
    "ami_id": "ami-0a3aa95487f68ae40",
    "architecture": "x86_64",
    "description": "Amazon Linux AMI 2018.03.0.20231218.0 x86_64 Minimal HVM ebs",
    "hypervisor": "xen",
    "image_type": "machine",
    "name": "amzn-ami-minimal-hvm-2018.03.0.20231218.0-x86_64-ebs",
    "owner_id": "137112412989",
    "platform": null,
    "public": true,
    "root_device_name": "/dev/xvda",
    "root_device_type": "ebs",
    "sriov": "simple",
    "state": "available",
    "virtualization_type": "hvm"
  },
  {
    "ami_id": "ami-0f5ecca86cd7303b0",
    "architecture": "arm64",
    "description": "Amazon Linux 2 LTS Arm64 Kernel 5.10 AMI 2.0.20240131.0 arm64 HVM gp2",
    "hypervisor": "xen",
    "image_type": "machine",
    "name": "amzn2-ami-kernel-5.10-hvm-2.0.20240131.0-arm64-gp2",
    "owner_id": "137112412989",
    "platform": null,
    "public": true,
    "root_device_name": "/dev/xvda",
    "root_device_type": "ebs",
    "sriov": "simple",
    "state": "available",
    "virtualization_type": "hvm"
  },
  {
    "ami_id": "ami-0e3924a5b2c1c5dbd",
    "architecture": "x86_64",
    "description": "Amazon Linux AMI 2018.03.0.20231218.0 x86_64 Minimal PV ebs",
    "hypervisor": "xen",
    "image_type": "machine",
    "name": "amzn-ami-minimal-pv-2018.03.0.20231218.0-x86_64-ebs",
    "owner_id": "137112412989",
    "platform": null,
    "public": true,
    "root_device_name": "/dev/sda1",
    "root_device_type": "ebs",
    "sriov": "simple",
    "state": "available",
    "virtualization_type": "paravirtual"
  },
  {
    "ami_id": "ami-0323d48d3a525fd18",
    "architecture": "x86_64",
    "description": "Amazon Linux 2 Kernel 5.10 AMI 2.0.20240131.0 x86_64 HVM gp2",
    "hypervisor": "xen",
    "image_type": "machine",
    "name": "amzn2-ami-kernel-5.10-hvm-2.0.20240131.0-x86_64-gp2",
    "owner_id": "137112412989",
    "platform": null,
    "public": true,
    "root_device_name": "/dev/xvda",
    "root_device_type": "ebs",
    "sriov": "simple",
    "state": "available",
    "virtualization_type": "hvm"
  }
]