[
  {
    "ami_id": "ami-0dd2cce03341e9fc4",
    "architecture": "x86_64",
    "description": "Amazon Linux AMI 2018.03.0.20231218.0 x86_64 HVM gp2",
    "hypervisor": "xen",
    "image_type": "machine",
    "name": "amzn-ami-hvm-2018.03.0.20231218.0-x86_64-gp2",
    "owner_id": "656109587541",
    "platform": null,
    "public": true,
    "root_device_name": "/dev/xvda",
    "root_device_type": "ebs",
    "sriov": "simple",
    "state": "available",
    "virtualization_type": "hvm"
  },
  {
    "ami_id": "ami-0eda99fa316ab08e3",
    "architecture": "x86_64",
    "description": "Amazon Linux AMI 2018.03.0.20231218.0 x86_64 Minimal HVM ebs",
    "hypervisor": "xen",
    "image_type": "machine",
    "name": "amzn-ami-minimal-hvm-2018.03.0.20231218.0-x86_64-ebs",
    "owner_id": "656109587541",
    "platform": null,
    "public": true,
    "root_device_name": "/dev/xvda",
    "root_device_type": "ebs",
    "sriov": "simple",
    "state": "available",
    "virtualization_type": "hvm"
  },
  {
    "ami_id": "ami-0a067ea0074f46831",
    "architecture": "arm64",
    "description": "Amazon Linux 2023 AMI 2023.3.20240131.0 arm64 HVM kernel-6.1",
    "hypervisor": "xen",
    "image_type": "machine",
    "name": "al2023-ami-2023.3.20240131.0-kernel-6.1-arm64",
    "owner_id": "656109587541",
    "platform": null,
    "public": true,
    "root_device_name": "/dev/xvda",
    "root_device_type": "ebs",
    "sriov": "simple",
    "state": "available",
    "virtualization_type": "hvm"
  },
  {
    "ami_id": "ami-0a7264e96cdf47634",
    "architecture": "arm64",
    "description": "Amazon Linux 2023 AMI 2023.3.20240131.0 arm64 Minimal HVM kernel-6.1",
    "hypervisor": "xen",
    "image_type": "machine",
    "name": "al2023-ami-minimal-2023.3.20240131.0-kernel-6.1-arm64",
    "owner_id": "656109587541",
    "platform": null,
    "public": true,
    "root_device_name": "/dev/xvda",
    "root_device_type": "ebs",
    "sriov": "simple",
    "state": "available",
    "virtualization_type": "hvm"
  },
  {
    "ami_id": "ami-004957372753737b8",
    "architecture": "x86_64",
    "description": "Amazon Linux 2023 AMI 2023.3.20240131.0 x86_64 Minimal HVM kernel-6.1",
    "hypervisor": "xen",
    "image_type": "machine",
    "name": "al2023-ami-minimal-2023.3.20240131.0-kernel-6.1-x86_64",
    "owner_id": "656109587541",
    "platform": null,
    "public": true,
    "root_device_name": "/dev/xvda",
    "root_device_type": "ebs",
    "sriov": "simple",
    "state": "available",
    "virtualization_type": "hvm"
  },
  {
    "ami_id": "ami-021617324e501399c",
    "architecture": "x86_64",
    "description": "Amazon Linux AMI 2018.03.0.20231218.0 x86_64 HVM ebs",
    "hypervisor": "xen",
    "image_type": "machine",
    "name": "amzn-ami-hvm-2018.03.0.20231218.0-x86_64-ebs",
    "owner_id": "656109587541",
    "platform": null,
    "public": true,
    "root_device_name": "/dev/xvda",
    "root_device_type": "ebs",
    "sriov": "simple",
    "state": "available",
    "virtualization_type": "hvm"
  },
  {
    "ami_id": "ami-06790a65ae4dc2de9",
    "architecture": "arm64",
    "description": "Amazon Linux 2 LTS Arm64 Kernel 5.10 AMI 2.0.20240131.0 arm64 HVM gp2",
    "hypervisor": "xen",
    "image_type": "machine",
    "name": "amzn2-ami-kernel-5.10-hvm-2.0.20240131.0-arm64-gp2",
    "owner_id": "656109587541",
    "platform": null,
    "public": true,
    "root_device_name": "/dev/xvda",
    "root_device_type": "ebs",
    "sriov": "simple",
    "state": "available",
    "virtualization_type": "hvm"
  },
  {
    "ami_id": "ami-0552ae255b58b67ea",
    "architecture": "x86_64",
    "description": "Amazon Linux 2 Kernel 5.10 AMI 2.0.20240131.0 x86_64 HVM gp2",
    "hypervisor": "xen",
    "image_type": "machine",
    "name": "amzn2-ami-kernel-5.10-hvm-2.0.20240131.0-x86_64-gp2",
    "owner_id": "656109587541",
    "platform": null,
    "public": true,
    "root_device_name": "/dev/xvda",
    "root_device_type": "ebs",
    "sriov": "simple",
    "state": "available",
    "virtualization_type": "hvm"
  },
  {
    "ami_id": "ami-0f057f8c864086dd0",
    "architecture": "x86_64",
    "description": "Amazon Linux 2 AMI 2.0.20240131.0 x86_64 HVM gp2",
    "hypervisor": "xen",
    "image_type": "machine",
    "name": "amzn2-ami-hvm-2.0.20240131.0-x86_64-gp2",
    "owner_id": "656109587541",
    "platform": null,
    "public": true,
    "root_device_name": "/dev/xvda",
    "root_device_type": "ebs",
    "sriov": "simple",
    "state": "available",
    "virtualization_type": "hvm"
  },
  {
    "ami_id": "ami-042ce11565420d53c",
    "architecture": "x86_64",
    "description": "Amazon Linux 2 Kernel 5.10 AMI 2.0.20240131.0 x86_64 HVM ebs",
    "hypervisor": "xen",
    "image_type": "machine",
    "name": "amzn2-ami-kernel-5.10-hvm-2.0.20240131.0-x86_64-ebs",
    "owner_id": "656109587541",
    "platform": null,
    "public": true,
    "root_device_name": "/dev/xvda",
    "root_device_type": "ebs",
    "sriov": "simple",
    "state": "available",
    "virtualization_type": "hvm"
  },
  {
    "ami_id": "ami-00d37ce4ebf71d587",
    "architecture": "x86_64",
    "description": "Amazon Linux 2023 AMI 2023.3.20240131.0 x86_64 HVM kernel-6.1",
    "hypervisor": "xen",
    "image_type": "machine",
    "name": "al2023-ami-2023.3.20240131.0-kernel-6.1-x86_64",
    "owner_id": "656109587541",
    "platform": null,
    "public": true,
    "root_device_name": "/dev/xvda",
    "root_device_type": "ebs",
    "sriov": "simple",
    "state": "available",
    "virtualization_type": "hvm"
  },
  {
    "ami_id": "ami-069d61f24d47ccfa9",
    "architecture": "x86_64",
    "description": "Amazon Linux 2 AMI 2.0.20240131.0 x86_64 Minimal HVM ebs",
    "hypervisor": "xen",
    "image_type": "machine",
    "name": "amzn2-ami-minimal-hvm-2.0.20240131.0-x86_64-ebs",
    "owner_id": "656109587541",
    "platform": null,
    "public": true,
    "root_device_name": "/dev/xvda",
    "root_device_type": "ebs",
    "sriov": "simple",
    "state": "available",
    "virtualization_type": "hvm"
  },
  {
    "ami_id": "ami-055247d502cbfc59f",
    "architecture": "arm64",
    "description": "Amazon Linux 2 LTS Arm64 AMI 2.0.20240131.0 arm64 HVM gp2",
    "hypervisor": "xen",
    "image_type": "machine",
    "name": "amzn2-ami-hvm-2.0.20240131.0-arm64-gp2",
    "owner_id": "656109587541",
    "platform": null,
    "public": true,
    "root_device_name": "/dev/xvda",
    "root_device_type": "ebs",
    "sriov": "simple",
    "state": "available",
    "virtualization_type": "hvm"
  },
  {
    "ami_id": "ami-06b71375abc797521",
    "architecture": "x86_64",
    "description": "Amazon Linux 2 AMI 2.0.20240131.0 x86_64 HVM ebs",
    "hypervisor": "xen",
    "image_type": "machine",
    "name": "amzn2-ami-hvm-2.0.20240131.0-x86_64-ebs",
    "owner_id": "656109587541",
    "platform": null,
    "public": true,
    "root_device_name": "/dev/xvda",
    "root_device_type": "ebs",
    "sriov": "simple",
    "state": "available",
    "virtualization_type": "hvm"
  },
  {
    "ami_id": "ami-013856a1a23aa9149",
    "architecture": "arm64",
    "description": "Amazon Linux 2 LTS Arm64 AMI 2.0.20240131.0 arm64 Minimal HVM ebs",
    "hypervisor": "xen",
    "image_type": "machine",
    "name": "amzn2-ami-minimal-hvm-2.0.20240131.0-arm64-ebs",
    "owner_id": "656109587541",
    "platform": null,
    "public": true,
    "root_device_name": "/dev/xvda",
    "root_device_type": "ebs",
    "sriov": "simple",
    "state": "available",
    "virtualization_type": "hvm"
  }
]